date,candidate_id,key,family,verdict,p,recent_p
2026-06-22,cal_11bf800cae,world_cup_year_nasdaq,calendar,faded,0.000999,0.135864
2026-06-22,cal_146a3e8961,dow_nasdaq,calendar,faded,0.000999,0.597403
2026-06-22,cal_2a991b85ee,sell_in_may_nasdaq,calendar,dead,0.040959,0.512488
2026-06-22,cal_2e5f17d421,month_nasdaq,calendar,inconclusive,0.315684,0.609391
2026-06-22,cal_6a08a2ccb6,pre_holiday_nasdaq,calendar,dead,0.125874,0.203796
2026-06-22,cal_7114c0729a,month_sp500,calendar,inconclusive,0.015984,0.13986
2026-06-22,cal_79870937ed,world_cup_year_sp500,calendar,dead,0.014985,0.171828
2026-06-22,cal_82e1f1d8c9,pre_holiday_sp500,calendar,dead,0.074925,0.142857
2026-06-22,cal_85cc7cc6d7,dow_sp500,calendar,faded,0.000999,0.819181
2026-06-22,cal_8d5125126b,term_year3_sp500,calendar,inconclusive,0.04995,
2026-06-22,cal_8fe611a742,santa_nasdaq,calendar,dead,0.007992,0.222777
2026-06-22,cal_94c08fa012,santa_sp500,calendar,faded,0.000999,0.18981
2026-06-22,cal_bbcc723bdf,decade_digit_sp500,calendar,inconclusive,0.163836,
2026-06-22,cal_bc77212229,sell_in_may_sp500,calendar,dead,0.082917,0.248751
2026-06-22,cal_ec09c00a99,presidential_cycle_sp500,calendar,inconclusive,0.300699,
2026-06-22,fac_4beec74249,BTC_mom20_neg,factor,dead,0.006,0.006
2026-06-22,fac_70486895ee,dxy_rising,factor,dead,0.506,0.963
2026-06-22,fac_7578b1d58f,vix_backwardation,factor,dead,0.827,0.701
2026-06-22,fac_778b84a969,NASDAQ_mom20_neg,factor,dead,0.047,0.465
2026-06-22,fac_79cf4a9a7b,NASDAQ_above_ma200,factor,dead,0.008,0.06
2026-06-22,fac_a1bf6a105c,nasdaq_rsi_overbought,factor,dead,0.276,0.465
2026-06-22,fac_ab89704768,nasdaq_high_vol,factor,faded,0.004,0.992
2026-06-22,fac_bed960d3e2,NASDAQ_mom20_pos,factor,dead,0.428,0.737
2026-06-22,fac_c872e5eb69,BTC_above_ma200,factor,dead,0.165,0.142
2026-06-22,fac_cc60102eac,dxy_falling,factor,dead,0.723,0.694
2026-06-22,fac_d738a0c3fd,nasdaq_low_vol,factor,dead,0.269,0.56
2026-06-22,fac_d8a4f38258,overnight_mom_neg,factor,dead,0.272,0.345
2026-06-22,fac_dcbd9f57b5,overnight_mom_pos,factor,dead,0.272,0.345
2026-06-22,fac_e2be6309e8,nasdaq_rsi_oversold,factor,dead,0.51,0.349
2026-06-22,fac_f834dcf2c0,BTC_mom20_pos,factor,survive,0.0,0.004
2026-06-22,reb_018df927fb,p1_h5_sp500,rebound,dead,0.288,0.613
2026-06-22,reb_0b54f655e4,p10_h1_nasdaq,rebound,faded,0.0,0.411
2026-06-22,reb_183bf3c31c,p5_h1_sp500,rebound,dead,0.906,0.261
2026-06-22,reb_2617209d72,p10_h5_nasdaq,rebound,faded,0.001,0.265
2026-06-22,reb_2b218993db,p1_h5_nasdaq,rebound,dead,0.544,0.89
2026-06-22,reb_7155c924ca,p10_h1_sp500,rebound,dead,0.25,0.09
2026-06-22,reb_7e3e4a8d62,p1_h1_sp500,rebound,dead,0.263,0.544
2026-06-22,reb_8055fe6f4a,p1_h1_nasdaq,rebound,dead,0.222,0.482
2026-06-22,reb_91f1615526,p10_h5_sp500,rebound,dead,0.028,0.73
2026-06-22,reb_9adb2feef5,p5_h1_nasdaq,rebound,faded,0.0,0.102
2026-06-22,reb_b016e921c3,p5_h5_sp500,rebound,dead,0.34,0.643
2026-06-22,reb_b61bcf84d2,p5_h5_nasdaq,rebound,dead,0.045,0.06
2026-06-23,cal_11bf800cae,world_cup_year_nasdaq,calendar,faded,0.002997,0.118881
2026-06-23,cal_146a3e8961,dow_nasdaq,calendar,faded,0.000999,0.628372
2026-06-23,cal_2a991b85ee,sell_in_may_nasdaq,calendar,dead,0.033966,0.497502
2026-06-23,cal_2e5f17d421,month_nasdaq,calendar,inconclusive,0.311688,0.616384
2026-06-23,cal_6a08a2ccb6,pre_holiday_nasdaq,calendar,dead,0.120879,0.171828
2026-06-23,cal_7114c0729a,month_sp500,calendar,inconclusive,0.016983,0.137862
2026-06-23,cal_79870937ed,world_cup_year_sp500,calendar,dead,0.010989,0.16983
2026-06-23,cal_82e1f1d8c9,pre_holiday_sp500,calendar,dead,0.061938,0.143856
2026-06-23,cal_85cc7cc6d7,dow_sp500,calendar,faded,0.000999,0.85015
2026-06-23,cal_8d5125126b,term_year3_sp500,calendar,inconclusive,0.04995,
2026-06-23,cal_8fe611a742,santa_nasdaq,calendar,faded,0.005994,0.220779
2026-06-23,cal_94c08fa012,santa_sp500,calendar,faded,0.001998,0.196803
2026-06-23,cal_bbcc723bdf,decade_digit_sp500,calendar,inconclusive,0.163836,
2026-06-23,cal_bc77212229,sell_in_may_sp500,calendar,dead,0.073926,0.242757
2026-06-23,cal_ec09c00a99,presidential_cycle_sp500,calendar,inconclusive,0.300699,
2026-06-23,fac_4beec74249,BTC_mom20_neg,factor,survive,0.005,0.005
2026-06-23,fac_70486895ee,dxy_rising,factor,dead,0.492,0.998
2026-06-23,fac_7578b1d58f,vix_backwardation,factor,dead,0.832,0.694
2026-06-23,fac_778b84a969,NASDAQ_mom20_neg,factor,dead,0.047,0.469
2026-06-23,fac_79cf4a9a7b,NASDAQ_above_ma200,factor,dead,0.007,0.068
2026-06-23,fac_a1bf6a105c,nasdaq_rsi_overbought,factor,dead,0.28,0.458
2026-06-23,fac_ab89704768,nasdaq_high_vol,factor,faded,0.005,0.989
2026-06-23,fac_bed960d3e2,NASDAQ_mom20_pos,factor,dead,0.437,0.729
2026-06-23,fac_c872e5eb69,BTC_above_ma200,factor,dead,0.179,0.137
2026-06-23,fac_cc60102eac,dxy_falling,factor,dead,0.729,0.725
2026-06-23,fac_d738a0c3fd,nasdaq_low_vol,factor,dead,0.283,0.564
2026-06-23,fac_d8a4f38258,overnight_mom_neg,factor,dead,0.271,0.357
2026-06-23,fac_dcbd9f57b5,overnight_mom_pos,factor,dead,0.271,0.357
2026-06-23,fac_e2be6309e8,nasdaq_rsi_oversold,factor,dead,0.513,0.342
2026-06-23,fac_f834dcf2c0,BTC_mom20_pos,factor,survive,0.0,0.005
2026-06-23,reb_018df927fb,p1_h5_sp500,rebound,dead,0.273,0.6
2026-06-23,reb_0b54f655e4,p10_h1_nasdaq,rebound,faded,0.0,0.418
2026-06-23,reb_183bf3c31c,p5_h1_sp500,rebound,dead,0.882,0.239
2026-06-23,reb_2617209d72,p10_h5_nasdaq,rebound,faded,0.001,0.266
2026-06-23,reb_2b218993db,p1_h5_nasdaq,rebound,dead,0.54,0.904
2026-06-23,reb_7155c924ca,p10_h1_sp500,rebound,dead,0.248,0.086
2026-06-23,reb_7e3e4a8d62,p1_h1_sp500,rebound,dead,0.263,0.542
2026-06-23,reb_8055fe6f4a,p1_h1_nasdaq,rebound,dead,0.218,0.506
2026-06-23,reb_91f1615526,p10_h5_sp500,rebound,dead,0.026,0.714
2026-06-23,reb_9adb2feef5,p5_h1_nasdaq,rebound,faded,0.001,0.102
2026-06-23,reb_b016e921c3,p5_h5_sp500,rebound,dead,0.353,0.657
2026-06-23,reb_b61bcf84d2,p5_h5_nasdaq,rebound,dead,0.036,0.068
2026-06-24,cal_11bf800cae,world_cup_year_nasdaq,calendar,faded,0.002997,0.118881
2026-06-24,cal_146a3e8961,dow_nasdaq,calendar,faded,0.000999,0.631369
2026-06-24,cal_2a991b85ee,sell_in_may_nasdaq,calendar,dead,0.033966,0.496503
2026-06-24,cal_2e5f17d421,month_nasdaq,calendar,inconclusive,0.311688,0.615385
2026-06-24,cal_6a08a2ccb6,pre_holiday_nasdaq,calendar,dead,0.120879,0.171828
2026-06-24,cal_7114c0729a,month_sp500,calendar,inconclusive,0.016983,0.136863
2026-06-24,cal_79870937ed,world_cup_year_sp500,calendar,dead,0.010989,0.16983
2026-06-24,cal_82e1f1d8c9,pre_holiday_sp500,calendar,dead,0.061938,0.143856
2026-06-24,cal_85cc7cc6d7,dow_sp500,calendar,faded,0.000999,0.853147
2026-06-24,cal_8d5125126b,term_year3_sp500,calendar,inconclusive,0.04995,
2026-06-24,cal_8fe611a742,santa_nasdaq,calendar,faded,0.005994,0.220779
2026-06-24,cal_94c08fa012,santa_sp500,calendar,faded,0.001998,0.196803
2026-06-24,cal_bbcc723bdf,decade_digit_sp500,calendar,inconclusive,0.163836,
2026-06-24,cal_bc77212229,sell_in_may_sp500,calendar,dead,0.073926,0.242757
2026-06-24,cal_ec09c00a99,presidential_cycle_sp500,calendar,inconclusive,0.300699,
2026-06-24,fac_4beec74249,BTC_mom20_neg,factor,survive,0.005,0.005
2026-06-24,fac_70486895ee,dxy_rising,factor,dead,0.492,0.998
2026-06-24,fac_7578b1d58f,vix_backwardation,factor,dead,0.832,0.694
2026-06-24,fac_778b84a969,NASDAQ_mom20_neg,factor,dead,0.047,0.469
2026-06-24,fac_79cf4a9a7b,NASDAQ_above_ma200,factor,dead,0.007,0.068
2026-06-24,fac_a1bf6a105c,nasdaq_rsi_overbought,factor,dead,0.28,0.458
2026-06-24,fac_ab89704768,nasdaq_high_vol,factor,faded,0.005,0.989
2026-06-24,fac_bed960d3e2,NASDAQ_mom20_pos,factor,dead,0.437,0.729
2026-06-24,fac_c872e5eb69,BTC_above_ma200,factor,dead,0.179,0.137
2026-06-24,fac_cc60102eac,dxy_falling,factor,dead,0.729,0.725
2026-06-24,fac_d738a0c3fd,nasdaq_low_vol,factor,dead,0.283,0.564
2026-06-24,fac_d8a4f38258,overnight_mom_neg,factor,dead,0.271,0.357
2026-06-24,fac_dcbd9f57b5,overnight_mom_pos,factor,dead,0.271,0.357
2026-06-24,fac_e2be6309e8,nasdaq_rsi_oversold,factor,dead,0.513,0.342
2026-06-24,fac_f834dcf2c0,BTC_mom20_pos,factor,survive,0.0,0.005
2026-06-24,reb_018df927fb,p1_h5_sp500,rebound,dead,0.273,0.6
2026-06-24,reb_0b54f655e4,p10_h1_nasdaq,rebound,faded,0.0,0.418
2026-06-24,reb_183bf3c31c,p5_h1_sp500,rebound,dead,0.882,0.239
2026-06-24,reb_2617209d72,p10_h5_nasdaq,rebound,faded,0.001,0.266
2026-06-24,reb_2b218993db,p1_h5_nasdaq,rebound,dead,0.54,0.904
2026-06-24,reb_7155c924ca,p10_h1_sp500,rebound,dead,0.248,0.086
2026-06-24,reb_7e3e4a8d62,p1_h1_sp500,rebound,dead,0.263,0.542
2026-06-24,reb_8055fe6f4a,p1_h1_nasdaq,rebound,dead,0.218,0.506
2026-06-24,reb_91f1615526,p10_h5_sp500,rebound,dead,0.026,0.714
2026-06-24,reb_9adb2feef5,p5_h1_nasdaq,rebound,faded,0.001,0.102
2026-06-24,reb_b016e921c3,p5_h5_sp500,rebound,dead,0.353,0.657
2026-06-24,reb_b61bcf84d2,p5_h5_nasdaq,rebound,dead,0.036,0.068
2026-06-26,cal_021d07d02a,monthof_10_sp500,calendar,dead,0.924076,0.485514
2026-06-26,cal_02b889c7e0,monthof_8_sp500,calendar,dead,0.928072,0.65035
2026-06-26,cal_0662569f50,monthof_12_nasdaq,calendar,dead,0.485514,0.671329
2026-06-26,cal_11bf800cae,world_cup_year_nasdaq,calendar,faded,0.001998,0.12987
2026-06-26,cal_146a3e8961,dow_nasdaq,calendar,faded,0.000999,0.62038
2026-06-26,cal_19104677ae,monthof_6_sp500,calendar,dead,0.853147,0.440559
2026-06-26,cal_216be59585,monthof_11_nasdaq,calendar,dead,0.187812,0.362637
2026-06-26,cal_2a991b85ee,sell_in_may_nasdaq,calendar,dead,0.031968,0.496503
2026-06-26,cal_2bf2b4d53f,monthof_9_sp500,calendar,survive,0.000999,0.07992
2026-06-26,cal_2de632e38b,monthof_6_nasdaq,calendar,dead,0.937063,0.942058
2026-06-26,cal_2e5f17d421,month_nasdaq,calendar,inconclusive,0.312687,0.615385
2026-06-26,cal_2e7a9a5ca1,monthof_3_sp500,calendar,dead,0.683317,0.735265
2026-06-26,cal_345031f898,monthof_5_nasdaq,calendar,dead,0.603397,0.623377
2026-06-26,cal_456e8c2d5e,monthof_12_sp500,calendar,dead,0.258741,0.979021
2026-06-26,cal_4a891b25f0,monthof_8_nasdaq,calendar,dead,0.345654,0.815185
2026-06-26,cal_4aa242d26e,monthof_5_sp500,calendar,dead,0.261738,0.828172
2026-06-26,cal_4bf363bd79,monthof_7_sp500,calendar,dead,0.070929,0.394605
2026-06-26,cal_527d0ae2db,monthof_1_nasdaq,calendar,dead,0.052947,0.932068
2026-06-26,cal_579e6e1355,monthof_2_nasdaq,calendar,dead,0.438561,0.2997
2026-06-26,cal_597774dc60,monthof_1_sp500,calendar,dead,0.301698,0.536464
2026-06-26,cal_5a22160179,turn_of_month_sp500,calendar,faded,0.000999,0.234765
2026-06-26,cal_6a08a2ccb6,pre_holiday_nasdaq,calendar,dead,0.131868,0.186813
2026-06-26,cal_6ebedbd943,monthof_10_nasdaq,calendar,dead,0.652348,0.352647
2026-06-26,cal_7114c0729a,month_sp500,calendar,inconclusive,0.016983,0.136863
2026-06-26,cal_7738ecb1bc,turn_of_month_nasdaq,calendar,faded,0.001998,0.168831
2026-06-26,cal_79870937ed,world_cup_year_sp500,calendar,dead,0.010989,0.181818
2026-06-26,cal_7ded9a48d4,monthof_2_sp500,calendar,dead,0.196803,0.274725
2026-06-26,cal_82e1f1d8c9,pre_holiday_sp500,calendar,dead,0.075924,0.145854
2026-06-26,cal_85cc7cc6d7,dow_sp500,calendar,faded,0.000999,0.85015
2026-06-26,cal_8669d8c09d,monthof_11_sp500,calendar,dead,0.431568,0.145854
2026-06-26,cal_87670427d9,january_sp500,calendar,dead,0.144855,0.724276
2026-06-26,cal_8d5125126b,term_year3_sp500,calendar,inconclusive,0.04995,
2026-06-26,cal_8fe611a742,santa_nasdaq,calendar,dead,0.005994,0.205794
2026-06-26,cal_94c08fa012,santa_sp500,calendar,faded,0.001998,0.235764
2026-06-26,cal_bbcc723bdf,decade_digit_sp500,calendar,inconclusive,0.163836,
2026-06-26,cal_bc77212229,sell_in_may_sp500,calendar,dead,0.085914,0.231768
2026-06-26,cal_c3a33a6db5,monthof_4_sp500,calendar,dead,0.208791,0.17982
2026-06-26,cal_c8b0832b2e,monthof_7_nasdaq,calendar,dead,0.907093,0.509491
2026-06-26,cal_d4de5634d3,september_nasdaq,calendar,dead,0.00999,0.022977
2026-06-26,cal_e041ed5979,monthof_3_nasdaq,calendar,dead,0.615385,0.797203
2026-06-26,cal_e3052fad5c,monthof_4_nasdaq,calendar,dead,0.421578,0.532468
2026-06-26,cal_ec09c00a99,presidential_cycle_sp500,calendar,inconclusive,0.300699,
2026-06-26,cal_f70ee53794,monthof_9_nasdaq,calendar,dead,0.015984,0.048951
2026-06-26,cal_f80dd36a7a,january_nasdaq,calendar,dead,0.024975,0.480519
2026-06-26,cal_f923f81493,september_sp500,calendar,survive,0.001998,0.024975
2026-06-26,fac_4beec74249,BTC_mom20_neg,factor,survive,0.003,0.003
2026-06-26,fac_70486895ee,dxy_rising,factor,dead,0.486,0.928
2026-06-26,fac_7578b1d58f,vix_backwardation,factor,dead,0.82,0.65
2026-06-26,fac_778b84a969,NASDAQ_mom20_neg,factor,dead,0.045,0.508
2026-06-26,fac_79cf4a9a7b,NASDAQ_above_ma200,factor,dead,0.005,0.061
2026-06-26,fac_a1bf6a105c,nasdaq_rsi_overbought,factor,dead,0.265,0.42
2026-06-26,fac_ab89704768,nasdaq_high_vol,factor,faded,0.003,0.955
2026-06-26,fac_bed960d3e2,NASDAQ_mom20_pos,factor,dead,0.394,0.711
2026-06-26,fac_c872e5eb69,BTC_above_ma200,factor,dead,0.164,0.125
2026-06-26,fac_cc60102eac,dxy_falling,factor,dead,0.742,0.754
2026-06-26,fac_d738a0c3fd,nasdaq_low_vol,factor,dead,0.272,0.616
2026-06-26,fac_d8a4f38258,overnight_mom_neg,factor,dead,0.278,0.404
2026-06-26,fac_dcbd9f57b5,overnight_mom_pos,factor,dead,0.278,0.404
2026-06-26,fac_e2be6309e8,nasdaq_rsi_oversold,factor,dead,0.547,0.375
2026-06-26,fac_f834dcf2c0,BTC_mom20_pos,factor,survive,0.0,0.004
2026-06-26,reb_018df927fb,p1_h5_sp500,rebound,dead,0.274,0.574
2026-06-26,reb_0b54f655e4,p10_h1_nasdaq,rebound,faded,0.0,0.345
2026-06-26,reb_183bf3c31c,p5_h1_sp500,rebound,dead,0.892,0.249
2026-06-26,reb_2617209d72,p10_h5_nasdaq,rebound,faded,0.0,0.232
2026-06-26,reb_2b218993db,p1_h5_nasdaq,rebound,dead,0.545,0.885
2026-06-26,reb_7155c924ca,p10_h1_sp500,rebound,dead,0.268,0.081
2026-06-26,reb_7e3e4a8d62,p1_h1_sp500,rebound,dead,0.266,0.517
2026-06-26,reb_8055fe6f4a,p1_h1_nasdaq,rebound,dead,0.225,0.496
2026-06-26,reb_91f1615526,p10_h5_sp500,rebound,dead,0.026,0.732
2026-06-26,reb_9adb2feef5,p5_h1_nasdaq,rebound,survive,0.0,0.089
2026-06-26,reb_b016e921c3,p5_h5_sp500,rebound,dead,0.379,0.643
2026-06-26,reb_b61bcf84d2,p5_h5_nasdaq,rebound,dead,0.035,0.058
2026-06-26,reg_74448026aa,golden_cross_sp500,regime,survive,0.002,0.024
2026-06-26,reg_9c0efb465b,golden_cross_nasdaq,regime,dead,0.053,0.06
2026-06-29,cal_021d07d02a,monthof_10_sp500,calendar,dead,0.924076,0.46953
2026-06-29,cal_02b889c7e0,monthof_8_sp500,calendar,dead,0.939061,0.674326
2026-06-29,cal_0662569f50,monthof_12_nasdaq,calendar,dead,0.476523,0.649351
2026-06-29,cal_11bf800cae,world_cup_year_nasdaq,calendar,faded,0.002997,0.120879
2026-06-29,cal_146a3e8961,dow_nasdaq,calendar,faded,0.000999,0.613387
2026-06-29,cal_19104677ae,monthof_6_sp500,calendar,dead,0.84016,0.461538
2026-06-29,cal_216be59585,monthof_11_nasdaq,calendar,dead,0.174825,0.353646
2026-06-29,cal_2a991b85ee,sell_in_may_nasdaq,calendar,dead,0.030969,0.507493
2026-06-29,cal_2bf2b4d53f,monthof_9_sp500,calendar,survive,0.000999,0.066933
2026-06-29,cal_2de632e38b,monthof_6_nasdaq,calendar,dead,0.962038,0.921079
2026-06-29,cal_2e5f17d421,month_nasdaq,calendar,inconclusive,0.311688,0.615385
2026-06-29,cal_2e7a9a5ca1,monthof_3_sp500,calendar,dead,0.661339,0.75025
2026-06-29,cal_345031f898,monthof_5_nasdaq,calendar,dead,0.612388,0.625375
2026-06-29,cal_456e8c2d5e,monthof_12_sp500,calendar,dead,0.223776,0.977023
2026-06-29,cal_4a891b25f0,monthof_8_nasdaq,calendar,dead,0.32967,0.825175
2026-06-29,cal_4aa242d26e,monthof_5_sp500,calendar,dead,0.296703,0.853147
2026-06-29,cal_4bf363bd79,monthof_7_sp500,calendar,dead,0.04995,0.371628
2026-06-29,cal_527d0ae2db,monthof_1_nasdaq,calendar,dead,0.038961,0.948052
2026-06-29,cal_579e6e1355,monthof_2_nasdaq,calendar,dead,0.413586,0.32967
2026-06-29,cal_597774dc60,monthof_1_sp500,calendar,dead,0.273726,0.543457
2026-06-29,cal_5a22160179,turn_of_month_sp500,calendar,faded,0.000999,0.240759
2026-06-29,cal_6a08a2ccb6,pre_holiday_nasdaq,calendar,dead,0.148851,0.18981
2026-06-29,cal_6ebedbd943,monthof_10_nasdaq,calendar,dead,0.677323,0.355644
2026-06-29,cal_7114c0729a,month_sp500,calendar,inconclusive,0.016983,0.137862
2026-06-29,cal_7738ecb1bc,turn_of_month_nasdaq,calendar,faded,0.001998,0.16983
2026-06-29,cal_79870937ed,world_cup_year_sp500,calendar,dead,0.012987,0.171828
2026-06-29,cal_7ded9a48d4,monthof_2_sp500,calendar,dead,0.170829,0.267732
2026-06-29,cal_82e1f1d8c9,pre_holiday_sp500,calendar,dead,0.073926,0.131868
2026-06-29,cal_85cc7cc6d7,dow_sp500,calendar,faded,0.000999,0.855145
2026-06-29,cal_8669d8c09d,monthof_11_sp500,calendar,dead,0.442557,0.141858
2026-06-29,cal_87670427d9,january_sp500,calendar,dead,0.155844,0.714286
2026-06-29,cal_8d5125126b,term_year3_sp500,calendar,inconclusive,0.04995,
2026-06-29,cal_8fe611a742,santa_nasdaq,calendar,dead,0.005994,0.233766
2026-06-29,cal_94c08fa012,santa_sp500,calendar,faded,0.000999,0.212787
2026-06-29,cal_bbcc723bdf,decade_digit_sp500,calendar,inconclusive,0.163836,
2026-06-29,cal_bc77212229,sell_in_may_sp500,calendar,dead,0.084915,0.237762
2026-06-29,cal_c3a33a6db5,monthof_4_sp500,calendar,dead,0.212787,0.212787
2026-06-29,cal_c8b0832b2e,monthof_7_nasdaq,calendar,dead,0.897103,0.519481
2026-06-29,cal_d4de5634d3,september_nasdaq,calendar,dead,0.007992,0.016983
2026-06-29,cal_e041ed5979,monthof_3_nasdaq,calendar,dead,0.571429,0.794206
2026-06-29,cal_e3052fad5c,monthof_4_nasdaq,calendar,dead,0.400599,0.561439
2026-06-29,cal_ec09c00a99,presidential_cycle_sp500,calendar,inconclusive,0.300699,
2026-06-29,cal_f70ee53794,monthof_9_nasdaq,calendar,dead,0.011988,0.054945
2026-06-29,cal_f80dd36a7a,january_nasdaq,calendar,dead,0.022977,0.45954
2026-06-29,cal_f923f81493,september_sp500,calendar,survive,0.000999,0.024975
2026-06-29,fac_4beec74249,BTC_mom20_neg,factor,survive,0.002,0.003
2026-06-29,fac_70486895ee,dxy_rising,factor,dead,0.489,0.917
2026-06-29,fac_7578b1d58f,vix_backwardation,factor,dead,0.813,0.635
2026-06-29,fac_778b84a969,NASDAQ_mom20_neg,factor,dead,0.041,0.503
2026-06-29,fac_79cf4a9a7b,NASDAQ_above_ma200,factor,dead,0.005,0.06
2026-06-29,fac_a1bf6a105c,nasdaq_rsi_overbought,factor,dead,0.276,0.442
2026-06-29,fac_ab89704768,nasdaq_high_vol,factor,faded,0.003,0.947
2026-06-29,fac_bed960d3e2,NASDAQ_mom20_pos,factor,dead,0.411,0.716
2026-06-29,fac_c872e5eb69,BTC_above_ma200,factor,dead,0.161,0.131
2026-06-29,fac_cc60102eac,dxy_falling,factor,dead,0.753,0.765
2026-06-29,fac_d738a0c3fd,nasdaq_low_vol,factor,dead,0.278,0.627
2026-06-29,fac_d8a4f38258,overnight_mom_neg,factor,dead,0.272,0.418
2026-06-29,fac_dcbd9f57b5,overnight_mom_pos,factor,dead,0.272,0.418
2026-06-29,fac_e2be6309e8,nasdaq_rsi_oversold,factor,dead,0.558,0.38
2026-06-29,fac_f834dcf2c0,BTC_mom20_pos,factor,survive,0.0,0.003
2026-06-29,reb_018df927fb,p1_h5_sp500,rebound,dead,0.297,0.572
2026-06-29,reb_0b54f655e4,p10_h1_nasdaq,rebound,faded,0.0,0.388
2026-06-29,reb_183bf3c31c,p5_h1_sp500,rebound,dead,0.883,0.252
2026-06-29,reb_2617209d72,p10_h5_nasdaq,rebound,faded,0.0,0.236
2026-06-29,reb_2b218993db,p1_h5_nasdaq,rebound,dead,0.554,0.916
2026-06-29,reb_7155c924ca,p10_h1_sp500,rebound,dead,0.252,0.092
2026-06-29,reb_7e3e4a8d62,p1_h1_sp500,rebound,dead,0.232,0.525
2026-06-29,reb_8055fe6f4a,p1_h1_nasdaq,rebound,dead,0.257,0.512
2026-06-29,reb_91f1615526,p10_h5_sp500,rebound,dead,0.027,0.733
2026-06-29,reb_9adb2feef5,p5_h1_nasdaq,rebound,survive,0.0,0.094
2026-06-29,reb_b016e921c3,p5_h5_sp500,rebound,dead,0.382,0.621
2026-06-29,reb_b61bcf84d2,p5_h5_nasdaq,rebound,dead,0.041,0.065
2026-06-29,reg_74448026aa,golden_cross_sp500,regime,survive,0.002,0.03
2026-06-29,reg_9c0efb465b,golden_cross_nasdaq,regime,dead,0.054,0.075
2026-06-30,cal_021d07d02a,monthof_10_sp500,calendar,dead,0.94006,0.509491
2026-06-30,cal_02b889c7e0,monthof_8_sp500,calendar,dead,0.929071,0.68032
2026-06-30,cal_05facdcc22,quarter_end_sp500,calendar,dead,0.799201,0.716284
2026-06-30,cal_0662569f50,monthof_12_nasdaq,calendar,dead,0.537463,0.669331
2026-06-30,cal_116d0565a8,quarter_end_nasdaq,calendar,dead,0.893107,0.455544
2026-06-30,cal_11bf800cae,world_cup_year_nasdaq,calendar,survive,0.000999,0.095904
2026-06-30,cal_146a3e8961,dow_nasdaq,calendar,faded,0.000999,0.594406
2026-06-30,cal_19104677ae,monthof_6_sp500,calendar,dead,0.821179,0.466533
2026-06-30,cal_216be59585,monthof_11_nasdaq,calendar,dead,0.153846,0.380619
2026-06-30,cal_2a991b85ee,sell_in_may_nasdaq,calendar,dead,0.023976,0.524476
2026-06-30,cal_2bf2b4d53f,monthof_9_sp500,calendar,survive,0.000999,0.068931
2026-06-30,cal_2de632e38b,monthof_6_nasdaq,calendar,dead,0.998002,0.888112
2026-06-30,cal_2e5f17d421,month_nasdaq,calendar,inconclusive,0.313686,0.612388
2026-06-30,cal_2e7a9a5ca1,monthof_3_sp500,calendar,dead,0.665335,0.748252
2026-06-30,cal_345031f898,monthof_5_nasdaq,calendar,dead,0.604396,0.636364
2026-06-30,cal_398f5c0e31,opex_week_nasdaq,calendar,dead,0.614386,0.721279
2026-06-30,cal_433ee46bbe,opex_week_sp500,calendar,dead,0.257742,0.74026
2026-06-30,cal_456e8c2d5e,monthof_12_sp500,calendar,dead,0.236763,0.979021
2026-06-30,cal_4a891b25f0,monthof_8_nasdaq,calendar,dead,0.312687,0.815185
2026-06-30,cal_4aa242d26e,monthof_5_sp500,calendar,dead,0.301698,0.824176
2026-06-30,cal_4bf363bd79,monthof_7_sp500,calendar,dead,0.065934,0.398601
2026-06-30,cal_527d0ae2db,monthof_1_nasdaq,calendar,dead,0.041958,0.919081
2026-06-30,cal_579e6e1355,monthof_2_nasdaq,calendar,dead,0.440559,0.326673
2026-06-30,cal_597774dc60,monthof_1_sp500,calendar,dead,0.324675,0.55045
2026-06-30,cal_5a22160179,turn_of_month_sp500,calendar,faded,0.000999,0.21978
2026-06-30,cal_6a08a2ccb6,pre_holiday_nasdaq,calendar,dead,0.122877,0.17982
2026-06-30,cal_6ebedbd943,monthof_10_nasdaq,calendar,dead,0.647353,0.36963
2026-06-30,cal_6f4b839635,pre_fomc_nasdaq,calendar,dead,0.293706,0.2997
2026-06-30,cal_7114c0729a,month_sp500,calendar,inconclusive,0.015984,0.138861
2026-06-30,cal_7738ecb1bc,turn_of_month_nasdaq,calendar,faded,0.001998,0.164835
2026-06-30,cal_79870937ed,world_cup_year_sp500,calendar,dead,0.008991,0.152847
2026-06-30,cal_7ded9a48d4,monthof_2_sp500,calendar,dead,0.178821,0.270729
2026-06-30,cal_82e1f1d8c9,pre_holiday_sp500,calendar,dead,0.07992,0.147852
2026-06-30,cal_85cc7cc6d7,dow_sp500,calendar,faded,0.000999,0.838162
2026-06-30,cal_8669d8c09d,monthof_11_sp500,calendar,dead,0.444555,0.135864
2026-06-30,cal_87670427d9,january_sp500,calendar,dead,0.168831,0.734266
2026-06-30,cal_8d5125126b,term_year3_sp500,calendar,inconclusive,0.04995,
2026-06-30,cal_8fe611a742,santa_nasdaq,calendar,dead,0.008991,0.207792
2026-06-30,cal_94c08fa012,santa_sp500,calendar,faded,0.001998,0.177822
2026-06-30,cal_ba8471031e,pre_fomc_sp500,calendar,dead,0.12987,0.150849
2026-06-30,cal_bbcc723bdf,decade_digit_sp500,calendar,inconclusive,0.163836,
2026-06-30,cal_bc77212229,sell_in_may_sp500,calendar,dead,0.073926,0.238761
2026-06-30,cal_c3a33a6db5,monthof_4_sp500,calendar,dead,0.201798,0.213786
2026-06-30,cal_c8b0832b2e,monthof_7_nasdaq,calendar,dead,0.902098,0.477522
2026-06-30,cal_d4de5634d3,september_nasdaq,calendar,dead,0.006993,0.032967
2026-06-30,cal_e041ed5979,monthof_3_nasdaq,calendar,dead,0.59041,0.779221
2026-06-30,cal_e3052fad5c,monthof_4_nasdaq,calendar,dead,0.382617,0.546454
2026-06-30,cal_ec09c00a99,presidential_cycle_sp500,calendar,inconclusive,0.300699,
2026-06-30,cal_f70ee53794,monthof_9_nasdaq,calendar,dead,0.022977,0.051948
2026-06-30,cal_f80dd36a7a,january_nasdaq,calendar,dead,0.030969,0.467532
2026-06-30,cal_f923f81493,september_sp500,calendar,survive,0.000999,0.031968
2026-06-30,fac_4beec74249,BTC_mom20_neg,factor,survive,0.002,0.006
2026-06-30,fac_70486895ee,dxy_rising,factor,dead,0.497,0.905
2026-06-30,fac_7578b1d58f,vix_backwardation,factor,dead,0.814,0.63
2026-06-30,fac_778b84a969,NASDAQ_mom20_neg,factor,dead,0.043,0.496
2026-06-30,fac_79cf4a9a7b,NASDAQ_above_ma200,factor,survive,0.004,0.076
2026-06-30,fac_a1bf6a105c,nasdaq_rsi_overbought,factor,dead,0.286,0.455
2026-06-30,fac_ab89704768,nasdaq_high_vol,factor,faded,0.004,0.936
2026-06-30,fac_bed960d3e2,NASDAQ_mom20_pos,factor,dead,0.412,0.726
2026-06-30,fac_c872e5eb69,BTC_above_ma200,factor,dead,0.156,0.128
2026-06-30,fac_cc60102eac,dxy_falling,factor,dead,0.751,0.797
2026-06-30,fac_d738a0c3fd,nasdaq_low_vol,factor,dead,0.27,0.634
2026-06-30,fac_d8a4f38258,overnight_mom_neg,factor,dead,0.278,0.432
2026-06-30,fac_dcbd9f57b5,overnight_mom_pos,factor,dead,0.278,0.432
2026-06-30,fac_e2be6309e8,nasdaq_rsi_oversold,factor,dead,0.55,0.382
2026-06-30,fac_f834dcf2c0,BTC_mom20_pos,factor,survive,0.0,0.003
2026-06-30,reb_018df927fb,p1_h5_sp500,rebound,dead,0.301,0.584
2026-06-30,reb_0b54f655e4,p10_h1_nasdaq,rebound,faded,0.0,0.351
2026-06-30,reb_183bf3c31c,p5_h1_sp500,rebound,dead,0.897,0.262
2026-06-30,reb_2617209d72,p10_h5_nasdaq,rebound,faded,0.0,0.245
2026-06-30,reb_2b218993db,p1_h5_nasdaq,rebound,dead,0.551,0.91
2026-06-30,reb_7155c924ca,p10_h1_sp500,rebound,dead,0.269,0.109
2026-06-30,reb_7e3e4a8d62,p1_h1_sp500,rebound,dead,0.232,0.544
2026-06-30,reb_8055fe6f4a,p1_h1_nasdaq,rebound,dead,0.221,0.487
2026-06-30,reb_91f1615526,p10_h5_sp500,rebound,dead,0.035,0.716
2026-06-30,reb_9adb2feef5,p5_h1_nasdaq,rebound,survive,0.0,0.081
2026-06-30,reb_b016e921c3,p5_h5_sp500,rebound,dead,0.401,0.64
2026-06-30,reb_b61bcf84d2,p5_h5_nasdaq,rebound,dead,0.037,0.075
2026-06-30,reg_74448026aa,golden_cross_sp500,regime,survive,0.002,0.028
2026-06-30,reg_9c0efb465b,golden_cross_nasdaq,regime,dead,0.056,0.081
2026-07-01,cal_021d07d02a,monthof_10_sp500,calendar,dead,0.927073,0.513487
2026-07-01,cal_02b889c7e0,monthof_8_sp500,calendar,dead,0.924076,0.664336
2026-07-01,cal_05facdcc22,quarter_end_sp500,calendar,dead,0.776224,0.725275
2026-07-01,cal_0662569f50,monthof_12_nasdaq,calendar,dead,0.506494,0.663337
2026-07-01,cal_116d0565a8,quarter_end_nasdaq,calendar,dead,0.882118,0.458541
2026-07-01,cal_11bf800cae,world_cup_year_nasdaq,calendar,survive,0.003996,0.073926
2026-07-01,cal_146a3e8961,dow_nasdaq,calendar,faded,0.000999,0.601399
2026-07-01,cal_19104677ae,monthof_6_sp500,calendar,dead,0.829171,0.487512
2026-07-01,cal_216be59585,monthof_11_nasdaq,calendar,dead,0.166833,0.364635
2026-07-01,cal_2a991b85ee,sell_in_may_nasdaq,calendar,dead,0.030969,0.53047
2026-07-01,cal_2bf2b4d53f,monthof_9_sp500,calendar,survive,0.001998,0.066933
2026-07-01,cal_2de632e38b,monthof_6_nasdaq,calendar,dead,0.995005,0.88012
2026-07-01,cal_2e5f17d421,month_nasdaq,calendar,inconclusive,0.333666,0.599401
2026-07-01,cal_2e7a9a5ca1,monthof_3_sp500,calendar,dead,0.638362,0.792208
2026-07-01,cal_345031f898,monthof_5_nasdaq,calendar,dead,0.617383,0.616384
2026-07-01,cal_398f5c0e31,opex_week_nasdaq,calendar,dead,0.64036,0.708292
2026-07-01,cal_433ee46bbe,opex_week_sp500,calendar,dead,0.254745,0.738262
2026-07-01,cal_456e8c2d5e,monthof_12_sp500,calendar,dead,0.244755,0.975025
2026-07-01,cal_4a891b25f0,monthof_8_nasdaq,calendar,dead,0.338661,0.81019
2026-07-01,cal_4aa242d26e,monthof_5_sp500,calendar,dead,0.277722,0.84016
2026-07-01,cal_4bf363bd79,monthof_7_sp500,calendar,dead,0.07992,0.378621
2026-07-01,cal_527d0ae2db,monthof_1_nasdaq,calendar,dead,0.058941,0.936064
2026-07-01,cal_579e6e1355,monthof_2_nasdaq,calendar,dead,0.428571,0.326673
2026-07-01,cal_597774dc60,monthof_1_sp500,calendar,dead,0.302697,0.536464
2026-07-01,cal_5a22160179,turn_of_month_sp500,calendar,faded,0.000999,0.217782
2026-07-01,cal_6a08a2ccb6,pre_holiday_nasdaq,calendar,dead,0.11988,0.202797
2026-07-01,cal_6ebedbd943,monthof_10_nasdaq,calendar,dead,0.659341,0.357642
2026-07-01,cal_6f4b839635,pre_fomc_nasdaq,calendar,dead,0.285714,0.308691
2026-07-01,cal_7114c0729a,month_sp500,calendar,inconclusive,0.022977,0.141858
2026-07-01,cal_7738ecb1bc,turn_of_month_nasdaq,calendar,faded,0.000999,0.178821
2026-07-01,cal_79870937ed,world_cup_year_sp500,calendar,dead,0.016983,0.153846
2026-07-01,cal_7ded9a48d4,monthof_2_sp500,calendar,dead,0.170829,0.256743
2026-07-01,cal_82e1f1d8c9,pre_holiday_sp500,calendar,dead,0.078921,0.145854
2026-07-01,cal_85cc7cc6d7,dow_sp500,calendar,faded,0.000999,0.842158
2026-07-01,cal_8669d8c09d,monthof_11_sp500,calendar,dead,0.450549,0.152847
2026-07-01,cal_87670427d9,january_sp500,calendar,dead,0.136863,0.736264
2026-07-01,cal_8d5125126b,term_year3_sp500,calendar,inconclusive,0.04995,
2026-07-01,cal_8fe611a742,santa_nasdaq,calendar,faded,0.003996,0.213786
2026-07-01,cal_94c08fa012,santa_sp500,calendar,faded,0.001998,0.196803
2026-07-01,cal_ba8471031e,pre_fomc_sp500,calendar,dead,0.137862,0.151848
2026-07-01,cal_bbcc723bdf,decade_digit_sp500,calendar,inconclusive,0.163836,
2026-07-01,cal_bc77212229,sell_in_may_sp500,calendar,dead,0.055944,0.224775
2026-07-01,cal_c3a33a6db5,monthof_4_sp500,calendar,dead,0.188811,0.237762
2026-07-01,cal_c8b0832b2e,monthof_7_nasdaq,calendar,dead,0.905095,0.496503
2026-07-01,cal_d4de5634d3,september_nasdaq,calendar,dead,0.010989,0.023976
2026-07-01,cal_e041ed5979,monthof_3_nasdaq,calendar,dead,0.585415,0.785215
2026-07-01,cal_e3052fad5c,monthof_4_nasdaq,calendar,dead,0.412587,0.516484
2026-07-01,cal_ec09c00a99,presidential_cycle_sp500,calendar,inconclusive,0.300699,
2026-07-01,cal_f70ee53794,monthof_9_nasdaq,calendar,dead,0.013986,0.056943
2026-07-01,cal_f80dd36a7a,january_nasdaq,calendar,dead,0.025974,0.464535
2026-07-01,cal_f923f81493,september_sp500,calendar,survive,0.001998,0.030969
2026-07-01,fac_4beec74249,BTC_mom20_neg,factor,survive,0.002,0.005
2026-07-01,fac_70486895ee,dxy_rising,factor,dead,0.493,0.922
2026-07-01,fac_7578b1d58f,vix_backwardation,factor,dead,0.817,0.645
2026-07-01,fac_778b84a969,NASDAQ_mom20_neg,factor,dead,0.045,0.502
2026-07-01,fac_79cf4a9a7b,NASDAQ_above_ma200,factor,dead,0.006,0.073
2026-07-01,fac_a1bf6a105c,nasdaq_rsi_overbought,factor,dead,0.295,0.461
2026-07-01,fac_ab89704768,nasdaq_high_vol,factor,faded,0.004,0.948
2026-07-01,fac_bed960d3e2,NASDAQ_mom20_pos,factor,dead,0.419,0.726
2026-07-01,fac_c872e5eb69,BTC_above_ma200,factor,dead,0.149,0.133
2026-07-01,fac_cc60102eac,dxy_falling,factor,dead,0.753,0.796
2026-07-01,fac_d738a0c3fd,nasdaq_low_vol,factor,dead,0.274,0.643
2026-07-01,fac_d8a4f38258,overnight_mom_neg,factor,dead,0.276,0.456
2026-07-01,fac_dcbd9f57b5,overnight_mom_pos,factor,dead,0.276,0.456
2026-07-01,fac_e2be6309e8,nasdaq_rsi_oversold,factor,dead,0.555,0.387
2026-07-01,fac_f834dcf2c0,BTC_mom20_pos,factor,survive,0.0,0.003
2026-07-01,reb_018df927fb,p1_h5_sp500,rebound,dead,0.288,0.586
2026-07-01,reb_0b54f655e4,p10_h1_nasdaq,rebound,faded,0.0,0.388
2026-07-01,reb_183bf3c31c,p5_h1_sp500,rebound,dead,0.921,0.263
2026-07-01,reb_2617209d72,p10_h5_nasdaq,rebound,faded,0.002,0.27
2026-07-01,reb_2b218993db,p1_h5_nasdaq,rebound,dead,0.55,0.916
2026-07-01,reb_7155c924ca,p10_h1_sp500,rebound,dead,0.252,0.109
2026-07-01,reb_7e3e4a8d62,p1_h1_sp500,rebound,dead,0.231,0.503
2026-07-01,reb_8055fe6f4a,p1_h1_nasdaq,rebound,dead,0.247,0.45
2026-07-01,reb_91f1615526,p10_h5_sp500,rebound,dead,0.03,0.728
2026-07-01,reb_9adb2feef5,p5_h1_nasdaq,rebound,survive,0.0,0.092
2026-07-01,reb_b016e921c3,p5_h5_sp500,rebound,dead,0.381,0.639
2026-07-01,reb_b61bcf84d2,p5_h5_nasdaq,rebound,dead,0.056,0.071
2026-07-01,reg_74448026aa,golden_cross_sp500,regime,survive,0.002,0.028
2026-07-01,reg_9c0efb465b,golden_cross_nasdaq,regime,dead,0.054,0.08
2026-07-02,cal_021d07d02a,monthof_10_sp500,calendar,dead,0.926074,0.480519
2026-07-02,cal_02b889c7e0,monthof_8_sp500,calendar,dead,0.929071,0.683317
2026-07-02,cal_05facdcc22,quarter_end_sp500,calendar,dead,0.799201,0.722278
2026-07-02,cal_0662569f50,monthof_12_nasdaq,calendar,dead,0.508492,0.661339
2026-07-02,cal_116d0565a8,quarter_end_nasdaq,calendar,dead,0.872128,0.437562
2026-07-02,cal_11bf800cae,world_cup_year_nasdaq,calendar,survive,0.000999,0.061938
2026-07-02,cal_146a3e8961,dow_nasdaq,calendar,faded,0.000999,0.609391
2026-07-02,cal_19104677ae,monthof_6_sp500,calendar,dead,0.808192,0.464535
2026-07-02,cal_216be59585,monthof_11_nasdaq,calendar,dead,0.192807,0.37962
2026-07-02,cal_2a991b85ee,sell_in_may_nasdaq,calendar,dead,0.031968,0.497502
2026-07-02,cal_2bf2b4d53f,monthof_9_sp500,calendar,survive,0.002997,0.072927
2026-07-02,cal_2de632e38b,monthof_6_nasdaq,calendar,dead,0.994006,0.868132
2026-07-02,cal_2e5f17d421,month_nasdaq,calendar,inconclusive,0.332667,0.605395
2026-07-02,cal_2e7a9a5ca1,monthof_3_sp500,calendar,dead,0.659341,0.765235
2026-07-02,cal_345031f898,monthof_5_nasdaq,calendar,dead,0.63037,0.621379
2026-07-02,cal_398f5c0e31,opex_week_nasdaq,calendar,dead,0.606394,0.727273
2026-07-02,cal_433ee46bbe,opex_week_sp500,calendar,dead,0.244755,0.736264
2026-07-02,cal_456e8c2d5e,monthof_12_sp500,calendar,dead,0.246753,0.981019
2026-07-02,cal_4a891b25f0,monthof_8_nasdaq,calendar,dead,0.33966,0.817183
2026-07-02,cal_4aa242d26e,monthof_5_sp500,calendar,dead,0.27972,0.833167
2026-07-02,cal_4bf363bd79,monthof_7_sp500,calendar,dead,0.065934,0.383616
2026-07-02,cal_527d0ae2db,monthof_1_nasdaq,calendar,dead,0.055944,0.947053
2026-07-02,cal_579e6e1355,monthof_2_nasdaq,calendar,dead,0.441558,0.301698
2026-07-02,cal_597774dc60,monthof_1_sp500,calendar,dead,0.317682,0.53047
2026-07-02,cal_5a22160179,turn_of_month_sp500,calendar,faded,0.000999,0.234765
2026-07-02,cal_6a08a2ccb6,pre_holiday_nasdaq,calendar,dead,0.143856,0.226773
2026-07-02,cal_6ebedbd943,monthof_10_nasdaq,calendar,dead,0.664336,0.397602
2026-07-02,cal_6f4b839635,pre_fomc_nasdaq,calendar,dead,0.278721,0.300699
2026-07-02,cal_7114c0729a,month_sp500,calendar,inconclusive,0.022977,0.142857
2026-07-02,cal_7738ecb1bc,turn_of_month_nasdaq,calendar,faded,0.001998,0.177822
2026-07-02,cal_79870937ed,world_cup_year_sp500,calendar,dead,0.010989,0.14985
2026-07-02,cal_7ded9a48d4,monthof_2_sp500,calendar,dead,0.188811,0.264735
2026-07-02,cal_82e1f1d8c9,pre_holiday_sp500,calendar,dead,0.083916,0.145854
2026-07-02,cal_85cc7cc6d7,dow_sp500,calendar,faded,0.000999,0.855145
2026-07-02,cal_8669d8c09d,monthof_11_sp500,calendar,dead,0.42957,0.15984
2026-07-02,cal_87670427d9,january_sp500,calendar,dead,0.142857,0.75025
2026-07-02,cal_8d5125126b,term_year3_sp500,calendar,inconclusive,0.04995,
2026-07-02,cal_8fe611a742,santa_nasdaq,calendar,dead,0.007992,0.210789
2026-07-02,cal_94c08fa012,santa_sp500,calendar,faded,0.000999,0.178821
2026-07-02,cal_ba8471031e,pre_fomc_sp500,calendar,dead,0.148851,0.14985
2026-07-02,cal_bbcc723bdf,decade_digit_sp500,calendar,inconclusive,0.163836,
2026-07-02,cal_bc77212229,sell_in_may_sp500,calendar,dead,0.077922,0.216783
2026-07-02,cal_c3a33a6db5,monthof_4_sp500,calendar,dead,0.185814,0.226773
2026-07-02,cal_c8b0832b2e,monthof_7_nasdaq,calendar,dead,0.867133,0.545455
2026-07-02,cal_d4de5634d3,september_nasdaq,calendar,dead,0.004995,0.021978
2026-07-02,cal_e041ed5979,monthof_3_nasdaq,calendar,dead,0.596404,0.801199
2026-07-02,cal_e3052fad5c,monthof_4_nasdaq,calendar,dead,0.405594,0.501499
2026-07-02,cal_ec09c00a99,presidential_cycle_sp500,calendar,inconclusive,0.300699,
2026-07-02,cal_f70ee53794,monthof_9_nasdaq,calendar,dead,0.015984,0.046953
2026-07-02,cal_f80dd36a7a,january_nasdaq,calendar,dead,0.02997,0.490509
2026-07-02,cal_f923f81493,september_sp500,calendar,survive,0.001998,0.031968
2026-07-02,fac_4beec74249,BTC_mom20_neg,factor,dead,0.004,0.004
2026-07-02,fac_70486895ee,dxy_rising,factor,dead,0.498,0.936
2026-07-02,fac_7578b1d58f,vix_backwardation,factor,dead,0.828,0.647
2026-07-02,fac_778b84a969,NASDAQ_mom20_neg,factor,dead,0.045,0.511
2026-07-02,fac_79cf4a9a7b,NASDAQ_above_ma200,factor,dead,0.005,0.072
2026-07-02,fac_a1bf6a105c,nasdaq_rsi_overbought,factor,dead,0.305,0.484
2026-07-02,fac_ab89704768,nasdaq_high_vol,factor,dead,0.004,0.934
2026-07-02,fac_bed960d3e2,NASDAQ_mom20_pos,factor,dead,0.418,0.721
2026-07-02,fac_c872e5eb69,BTC_above_ma200,factor,dead,0.143,0.126
2026-07-02,fac_cc60102eac,dxy_falling,factor,dead,0.751,0.806
2026-07-02,fac_d738a0c3fd,nasdaq_low_vol,factor,dead,0.273,0.648
2026-07-02,fac_d8a4f38258,overnight_mom_neg,factor,dead,0.283,0.465
2026-07-02,fac_dcbd9f57b5,overnight_mom_pos,factor,dead,0.283,0.465
2026-07-02,fac_e2be6309e8,nasdaq_rsi_oversold,factor,dead,0.56,0.39
2026-07-02,fac_f834dcf2c0,BTC_mom20_pos,factor,survive,0.0,0.003
2026-07-02,reb_018df927fb,p1_h5_sp500,rebound,dead,0.264,0.581
2026-07-02,reb_0b54f655e4,p10_h1_nasdaq,rebound,faded,0.0,0.355
2026-07-02,reb_183bf3c31c,p5_h1_sp500,rebound,dead,0.913,0.256
2026-07-02,reb_2617209d72,p10_h5_nasdaq,rebound,dead,0.004,0.259
2026-07-02,reb_2b218993db,p1_h5_nasdaq,rebound,dead,0.53,0.898
2026-07-02,reb_7155c924ca,p10_h1_sp500,rebound,dead,0.28,0.093
2026-07-02,reb_7e3e4a8d62,p1_h1_sp500,rebound,dead,0.25,0.511
2026-07-02,reb_8055fe6f4a,p1_h1_nasdaq,rebound,dead,0.216,0.447
2026-07-02,reb_91f1615526,p10_h5_sp500,rebound,dead,0.025,0.722
2026-07-02,reb_9adb2feef5,p5_h1_nasdaq,rebound,survive,0.0,0.087
2026-07-02,reb_b016e921c3,p5_h5_sp500,rebound,dead,0.37,0.635
2026-07-02,reb_b61bcf84d2,p5_h5_nasdaq,rebound,dead,0.054,0.063
2026-07-02,reg_74448026aa,golden_cross_sp500,regime,survive,0.002,0.028
2026-07-02,reg_9c0efb465b,golden_cross_nasdaq,regime,dead,0.055,0.08
2026-07-03,cal_021d07d02a,monthof_10_sp500,calendar,dead,0.926074,0.480519
2026-07-03,cal_02b889c7e0,monthof_8_sp500,calendar,dead,0.927073,0.684316
2026-07-03,cal_05facdcc22,quarter_end_sp500,calendar,dead,0.799201,0.721279
2026-07-03,cal_0662569f50,monthof_12_nasdaq,calendar,dead,0.508492,0.661339
2026-07-03,cal_116d0565a8,quarter_end_nasdaq,calendar,dead,0.872128,0.437562
2026-07-03,cal_11bf800cae,world_cup_year_nasdaq,calendar,survive,0.000999,0.061938
2026-07-03,cal_146a3e8961,dow_nasdaq,calendar,faded,0.000999,0.609391
2026-07-03,cal_19104677ae,monthof_6_sp500,calendar,dead,0.808192,0.465534
2026-07-03,cal_216be59585,monthof_11_nasdaq,calendar,dead,0.192807,0.37962
2026-07-03,cal_2a991b85ee,sell_in_may_nasdaq,calendar,dead,0.031968,0.497502
2026-07-03,cal_2bf2b4d53f,monthof_9_sp500,calendar,survive,0.002997,0.072927
2026-07-03,cal_2de632e38b,monthof_6_nasdaq,calendar,dead,0.994006,0.868132
2026-07-03,cal_2e5f17d421,month_nasdaq,calendar,inconclusive,0.332667,0.604396
2026-07-03,cal_2e7a9a5ca1,monthof_3_sp500,calendar,dead,0.659341,0.765235
2026-07-03,cal_345031f898,monthof_5_nasdaq,calendar,dead,0.63037,0.621379
2026-07-03,cal_398f5c0e31,opex_week_nasdaq,calendar,dead,0.606394,0.727273
2026-07-03,cal_433ee46bbe,opex_week_sp500,calendar,dead,0.244755,0.736264
2026-07-03,cal_456e8c2d5e,monthof_12_sp500,calendar,dead,0.246753,0.982018
2026-07-03,cal_4a891b25f0,monthof_8_nasdaq,calendar,dead,0.33966,0.817183
2026-07-03,cal_4aa242d26e,monthof_5_sp500,calendar,dead,0.27972,0.833167
2026-07-03,cal_4bf363bd79,monthof_7_sp500,calendar,dead,0.065934,0.37962
2026-07-03,cal_527d0ae2db,monthof_1_nasdaq,calendar,dead,0.055944,0.947053
2026-07-03,cal_579e6e1355,monthof_2_nasdaq,calendar,dead,0.440559,0.301698
2026-07-03,cal_597774dc60,monthof_1_sp500,calendar,dead,0.317682,0.529471
2026-07-03,cal_5a22160179,turn_of_month_sp500,calendar,faded,0.000999,0.234765
2026-07-03,cal_6a08a2ccb6,pre_holiday_nasdaq,calendar,dead,0.141858,0.226773
2026-07-03,cal_6ebedbd943,monthof_10_nasdaq,calendar,dead,0.664336,0.397602
2026-07-03,cal_6f4b839635,pre_fomc_nasdaq,calendar,dead,0.278721,0.300699
2026-07-03,cal_7114c0729a,month_sp500,calendar,inconclusive,0.022977,0.142857
2026-07-03,cal_7738ecb1bc,turn_of_month_nasdaq,calendar,faded,0.001998,0.177822
2026-07-03,cal_79870937ed,world_cup_year_sp500,calendar,dead,0.010989,0.150849
2026-07-03,cal_7ded9a48d4,monthof_2_sp500,calendar,dead,0.187812,0.264735
2026-07-03,cal_82e1f1d8c9,pre_holiday_sp500,calendar,dead,0.083916,0.145854
2026-07-03,cal_85cc7cc6d7,dow_sp500,calendar,faded,0.000999,0.855145
2026-07-03,cal_8669d8c09d,monthof_11_sp500,calendar,dead,0.42957,0.15984
2026-07-03,cal_87670427d9,january_sp500,calendar,dead,0.142857,0.75025
2026-07-03,cal_8d5125126b,term_year3_sp500,calendar,inconclusive,0.04995,
2026-07-03,cal_8fe611a742,santa_nasdaq,calendar,dead,0.007992,0.210789
2026-07-03,cal_94c08fa012,santa_sp500,calendar,faded,0.000999,0.178821
2026-07-03,cal_ba8471031e,pre_fomc_sp500,calendar,dead,0.148851,0.14985
2026-07-03,cal_bbcc723bdf,decade_digit_sp500,calendar,inconclusive,0.163836,
2026-07-03,cal_bc77212229,sell_in_may_sp500,calendar,dead,0.077922,0.217782
2026-07-03,cal_c3a33a6db5,monthof_4_sp500,calendar,dead,0.185814,0.227772
2026-07-03,cal_c8b0832b2e,monthof_7_nasdaq,calendar,dead,0.867133,0.545455
2026-07-03,cal_d4de5634d3,september_nasdaq,calendar,dead,0.004995,0.021978
2026-07-03,cal_e041ed5979,monthof_3_nasdaq,calendar,dead,0.596404,0.801199
2026-07-03,cal_e3052fad5c,monthof_4_nasdaq,calendar,dead,0.405594,0.501499
2026-07-03,cal_ec09c00a99,presidential_cycle_sp500,calendar,inconclusive,0.300699,
2026-07-03,cal_f70ee53794,monthof_9_nasdaq,calendar,dead,0.015984,0.046953
2026-07-03,cal_f80dd36a7a,january_nasdaq,calendar,dead,0.02997,0.490509
2026-07-03,cal_f923f81493,september_sp500,calendar,survive,0.001998,0.031968
2026-07-03,fac_4beec74249,BTC_mom20_neg,factor,dead,0.004,0.004
2026-07-03,fac_70486895ee,dxy_rising,factor,dead,0.498,0.936
2026-07-03,fac_7578b1d58f,vix_backwardation,factor,dead,0.828,0.647
2026-07-03,fac_778b84a969,NASDAQ_mom20_neg,factor,dead,0.045,0.511
2026-07-03,fac_79cf4a9a7b,NASDAQ_above_ma200,factor,dead,0.005,0.072
2026-07-03,fac_a1bf6a105c,nasdaq_rsi_overbought,factor,dead,0.305,0.484
2026-07-03,fac_ab89704768,nasdaq_high_vol,factor,dead,0.004,0.934
2026-07-03,fac_bed960d3e2,NASDAQ_mom20_pos,factor,dead,0.418,0.721
2026-07-03,fac_c872e5eb69,BTC_above_ma200,factor,dead,0.143,0.126
2026-07-03,fac_cc60102eac,dxy_falling,factor,dead,0.751,0.806
2026-07-03,fac_d738a0c3fd,nasdaq_low_vol,factor,dead,0.273,0.648
2026-07-03,fac_d8a4f38258,overnight_mom_neg,factor,dead,0.283,0.465
2026-07-03,fac_dcbd9f57b5,overnight_mom_pos,factor,dead,0.283,0.465
2026-07-03,fac_e2be6309e8,nasdaq_rsi_oversold,factor,dead,0.56,0.39
2026-07-03,fac_f834dcf2c0,BTC_mom20_pos,factor,survive,0.0,0.003
2026-07-03,reb_018df927fb,p1_h5_sp500,rebound,dead,0.264,0.581
2026-07-03,reb_0b54f655e4,p10_h1_nasdaq,rebound,faded,0.0,0.355
2026-07-03,reb_183bf3c31c,p5_h1_sp500,rebound,dead,0.91,0.258
2026-07-03,reb_2617209d72,p10_h5_nasdaq,rebound,dead,0.004,0.259
2026-07-03,reb_2b218993db,p1_h5_nasdaq,rebound,dead,0.53,0.898
2026-07-03,reb_7155c924ca,p10_h1_sp500,rebound,dead,0.275,0.093
2026-07-03,reb_7e3e4a8d62,p1_h1_sp500,rebound,dead,0.25,0.511
2026-07-03,reb_8055fe6f4a,p1_h1_nasdaq,rebound,dead,0.216,0.447
2026-07-03,reb_91f1615526,p10_h5_sp500,rebound,dead,0.025,0.722
2026-07-03,reb_9adb2feef5,p5_h1_nasdaq,rebound,survive,0.0,0.087
2026-07-03,reb_b016e921c3,p5_h5_sp500,rebound,dead,0.37,0.635
2026-07-03,reb_b61bcf84d2,p5_h5_nasdaq,rebound,dead,0.054,0.063
2026-07-03,reg_74448026aa,golden_cross_sp500,regime,survive,0.002,0.028
2026-07-03,reg_9c0efb465b,golden_cross_nasdaq,regime,dead,0.055,0.08
2026-07-06,cal_021d07d02a,monthof_10_sp500,calendar,dead,0.932068,0.493506
2026-07-06,cal_02b889c7e0,monthof_8_sp500,calendar,dead,0.935065,0.667333
2026-07-06,cal_05facdcc22,quarter_end_sp500,calendar,dead,0.852148,0.609391
2026-07-06,cal_0662569f50,monthof_12_nasdaq,calendar,dead,0.521479,0.666334
2026-07-06,cal_116d0565a8,quarter_end_nasdaq,calendar,dead,0.954046,0.312687
2026-07-06,cal_11bf800cae,world_cup_year_nasdaq,calendar,survive,0.001998,0.081918
2026-07-06,cal_146a3e8961,dow_nasdaq,calendar,faded,0.000999,0.62038
2026-07-06,cal_19104677ae,monthof_6_sp500,calendar,dead,0.836164,0.437562
2026-07-06,cal_216be59585,monthof_11_nasdaq,calendar,dead,0.17982,0.353646
2026-07-06,cal_2a991b85ee,sell_in_may_nasdaq,calendar,dead,0.036963,0.496503
2026-07-06,cal_2bf2b4d53f,monthof_9_sp500,calendar,survive,0.000999,0.060939
2026-07-06,cal_2de632e38b,monthof_6_nasdaq,calendar,dead,0.94006,0.942058
2026-07-06,cal_2e5f17d421,month_nasdaq,calendar,inconclusive,0.312687,0.613387
2026-07-06,cal_2e7a9a5ca1,monthof_3_sp500,calendar,dead,0.658342,0.772228
2026-07-06,cal_345031f898,monthof_5_nasdaq,calendar,dead,0.645355,0.668332
2026-07-06,cal_398f5c0e31,opex_week_nasdaq,calendar,dead,0.661339,0.733267
2026-07-06,cal_433ee46bbe,opex_week_sp500,calendar,dead,0.250749,0.726274
2026-07-06,cal_456e8c2d5e,monthof_12_sp500,calendar,dead,0.231768,0.978022
2026-07-06,cal_4a891b25f0,monthof_8_nasdaq,calendar,dead,0.330669,0.82018
2026-07-06,cal_4aa242d26e,monthof_5_sp500,calendar,dead,0.274725,0.845155
2026-07-06,cal_4bf363bd79,monthof_7_sp500,calendar,dead,0.070929,0.40959
2026-07-06,cal_527d0ae2db,monthof_1_nasdaq,calendar,dead,0.058941,0.935065
2026-07-06,cal_579e6e1355,monthof_2_nasdaq,calendar,dead,0.418581,0.337662
2026-07-06,cal_597774dc60,monthof_1_sp500,calendar,dead,0.283716,0.522478
2026-07-06,cal_5a22160179,turn_of_month_sp500,calendar,faded,0.000999,0.254745
2026-07-06,cal_6a08a2ccb6,pre_holiday_nasdaq,calendar,dead,0.143856,0.172827
2026-07-06,cal_6ebedbd943,monthof_10_nasdaq,calendar,dead,0.65035,0.371628
2026-07-06,cal_6f4b839635,pre_fomc_nasdaq,calendar,dead,0.302697,0.277722
2026-07-06,cal_7114c0729a,month_sp500,calendar,inconclusive,0.016983,0.136863
2026-07-06,cal_7738ecb1bc,turn_of_month_nasdaq,calendar,faded,0.001998,0.200799
2026-07-06,cal_79870937ed,world_cup_year_sp500,calendar,dead,0.010989,0.126873
2026-07-06,cal_7ded9a48d4,monthof_2_sp500,calendar,dead,0.15984,0.283716
2026-07-06,cal_82e1f1d8c9,pre_holiday_sp500,calendar,dead,0.073926,0.133866
2026-07-06,cal_85cc7cc6d7,dow_sp500,calendar,faded,0.000999,0.83017
2026-07-06,cal_8669d8c09d,monthof_11_sp500,calendar,dead,0.415584,0.146853
2026-07-06,cal_87670427d9,january_sp500,calendar,dead,0.143856,0.702298
2026-07-06,cal_8d5125126b,term_year3_sp500,calendar,inconclusive,0.04995,
2026-07-06,cal_8fe611a742,santa_nasdaq,calendar,dead,0.005994,0.210789
2026-07-06,cal_94c08fa012,santa_sp500,calendar,faded,0.000999,0.197802
2026-07-06,cal_ba8471031e,pre_fomc_sp500,calendar,dead,0.171828,0.184815
2026-07-06,cal_bbcc723bdf,decade_digit_sp500,calendar,inconclusive,0.163836,
2026-07-06,cal_bc77212229,sell_in_may_sp500,calendar,dead,0.081918,0.270729
2026-07-06,cal_c3a33a6db5,monthof_4_sp500,calendar,dead,0.204795,0.196803
2026-07-06,cal_c8b0832b2e,monthof_7_nasdaq,calendar,dead,0.903097,0.497502
2026-07-06,cal_d4de5634d3,september_nasdaq,calendar,dead,0.015984,0.026973
2026-07-06,cal_e041ed5979,monthof_3_nasdaq,calendar,dead,0.605395,0.813187
2026-07-06,cal_e3052fad5c,monthof_4_nasdaq,calendar,dead,0.402597,0.512488
2026-07-06,cal_ec09c00a99,presidential_cycle_sp500,calendar,inconclusive,0.300699,
2026-07-06,cal_f70ee53794,monthof_9_nasdaq,calendar,dead,0.022977,0.042957
2026-07-06,cal_f80dd36a7a,january_nasdaq,calendar,dead,0.030969,0.455544
2026-07-06,cal_f923f81493,september_sp500,calendar,survive,0.000999,0.032967
2026-07-06,fac_4beec74249,BTC_mom20_neg,factor,dead,0.005,0.005
2026-07-06,fac_70486895ee,dxy_rising,factor,dead,0.484,0.949
2026-07-06,fac_7578b1d58f,vix_backwardation,factor,dead,0.83,0.671
2026-07-06,fac_778b84a969,NASDAQ_mom20_neg,factor,dead,0.051,0.501
2026-07-06,fac_79cf4a9a7b,NASDAQ_above_ma200,factor,dead,0.006,0.064
2026-07-06,fac_a1bf6a105c,nasdaq_rsi_overbought,factor,dead,0.267,0.438
2026-07-06,fac_ab89704768,nasdaq_high_vol,factor,dead,0.005,0.97
2026-07-06,fac_bed960d3e2,NASDAQ_mom20_pos,factor,dead,0.43,0.713
2026-07-06,fac_c872e5eb69,BTC_above_ma200,factor,dead,0.171,0.132
2026-07-06,fac_cc60102eac,dxy_falling,factor,dead,0.713,0.741
2026-07-06,fac_d738a0c3fd,nasdaq_low_vol,factor,dead,0.281,0.618
2026-07-06,fac_d8a4f38258,overnight_mom_neg,factor,dead,0.277,0.394
2026-07-06,fac_dcbd9f57b5,overnight_mom_pos,factor,dead,0.277,0.394
2026-07-06,fac_e2be6309e8,nasdaq_rsi_oversold,factor,dead,0.537,0.368
2026-07-06,fac_f834dcf2c0,BTC_mom20_pos,factor,survive,0.0,0.004
2026-07-06,opt_13e0620c3f,total_pc_lo_h10,options_sentiment,dead,0.628,0.628
2026-07-06,opt_2bdac60949,total_pc_hi_h10,options_sentiment,dead,0.781,0.781
2026-07-06,opt_6b7c040f34,equity_pc_hi_h20,options_sentiment,dead,0.929,0.929
2026-07-06,opt_706c7e01ed,equity_pc_lo_h20,options_sentiment,dead,0.198,0.198
2026-07-06,opt_aad2768b05,total_pc_hi_h20,options_sentiment,dead,0.444,0.444
2026-07-06,opt_c8998dbbe6,equity_pc_lo_h10,options_sentiment,dead,0.743,0.743
2026-07-06,opt_d6053cc7a0,total_pc_lo_h20,options_sentiment,dead,0.514,0.514
2026-07-06,opt_f09bd225c9,equity_pc_hi_h10,options_sentiment,dead,0.481,0.481
2026-07-06,pos_0e8203cb20,legacy_noncomm_pct_oi_hi_h20_sp500,positioning,dead,0.777,0.777
2026-07-06,pos_3b1f2f7be5,legacy_noncomm_pct_oi_lo_h60_nasdaq100,positioning,survive,0.0,0.0
2026-07-06,pos_4503921189,legacy_noncomm_pct_oi_lo_h20_sp500,positioning,dead,0.31,0.31
2026-07-06,pos_46e606b679,tff_lev_net_pct_oi_hi_h60_sp500,positioning,dead,0.796,0.796
2026-07-06,pos_4f52a87fc8,tff_lev_net_pct_oi_hi_h20_sp500,positioning,dead,0.648,0.648
2026-07-06,pos_5618fa6478,tff_lev_net_pct_oi_lo_h60_nasdaq100,positioning,dead,0.006,0.006
2026-07-06,pos_566a8459e8,tff_lev_net_pct_oi_lo_h20_nasdaq100,positioning,dead,0.521,0.521
2026-07-06,pos_69b292d2ff,legacy_noncomm_pct_oi_lo_h20_nasdaq100,positioning,dead,0.057,0.057
2026-07-06,pos_74c61491cb,legacy_noncomm_pct_oi_hi_h20_nasdaq100,positioning,dead,0.205,0.205
2026-07-06,pos_771e2a7ea4,tff_lev_net_pct_oi_lo_h20_sp500,positioning,dead,0.023,0.023
2026-07-06,pos_951ab21851,tff_lev_net_pct_oi_lo_h60_sp500,positioning,dead,0.183,0.183
2026-07-06,pos_ad633d4d56,tff_lev_net_pct_oi_hi_h60_nasdaq100,positioning,dead,0.11,0.11
2026-07-06,pos_c5297400c9,legacy_noncomm_pct_oi_lo_h60_sp500,positioning,dead,0.641,0.641
2026-07-06,pos_d898f33d4c,tff_lev_net_pct_oi_hi_h20_nasdaq100,positioning,dead,0.184,0.184
2026-07-06,pos_f7aa0cde34,legacy_noncomm_pct_oi_hi_h60_sp500,positioning,dead,0.501,0.501
2026-07-06,pos_fb69e287a1,legacy_noncomm_pct_oi_hi_h60_nasdaq100,positioning,dead,0.94,0.94
2026-07-06,reb_018df927fb,p1_h5_sp500,rebound,dead,0.246,0.571
2026-07-06,reb_0b54f655e4,p10_h1_nasdaq,rebound,faded,0.0,0.386
2026-07-06,reb_183bf3c31c,p5_h1_sp500,rebound,dead,0.935,0.245
2026-07-06,reb_2617209d72,p10_h5_nasdaq,rebound,faded,0.0,0.241
2026-07-06,reb_2b218993db,p1_h5_nasdaq,rebound,dead,0.569,0.876
2026-07-06,reb_7155c924ca,p10_h1_sp500,rebound,dead,0.254,0.082
2026-07-06,reb_7e3e4a8d62,p1_h1_sp500,rebound,dead,0.233,0.504
2026-07-06,reb_8055fe6f4a,p1_h1_nasdaq,rebound,dead,0.251,0.489
2026-07-06,reb_91f1615526,p10_h5_sp500,rebound,dead,0.03,0.739
2026-07-06,reb_9adb2feef5,p5_h1_nasdaq,rebound,survive,0.0,0.08
2026-07-06,reb_b016e921c3,p5_h5_sp500,rebound,dead,0.374,0.631
2026-07-06,reb_b61bcf84d2,p5_h5_nasdaq,rebound,dead,0.042,0.066
2026-07-06,reg_74448026aa,golden_cross_sp500,regime,survive,0.002,0.026
2026-07-06,reg_9c0efb465b,golden_cross_nasdaq,regime,dead,0.054,0.059
2026-07-07,cal_021d07d02a,monthof_10_sp500,calendar,dead,0.918082,0.503497
2026-07-07,cal_02b889c7e0,monthof_8_sp500,calendar,dead,0.931069,0.665335
2026-07-07,cal_05facdcc22,quarter_end_sp500,calendar,dead,0.764236,0.718282
2026-07-07,cal_0662569f50,monthof_12_nasdaq,calendar,dead,0.511489,0.659341
2026-07-07,cal_116d0565a8,quarter_end_nasdaq,calendar,dead,0.884116,0.440559
2026-07-07,cal_11bf800cae,world_cup_year_nasdaq,calendar,survive,0.000999,0.078921
2026-07-07,cal_146a3e8961,dow_nasdaq,calendar,faded,0.000999,0.632368
2026-07-07,cal_19104677ae,monthof_6_sp500,calendar,dead,0.794206,0.460539
2026-07-07,cal_216be59585,monthof_11_nasdaq,calendar,dead,0.178821,0.351648
2026-07-07,cal_2a991b85ee,sell_in_may_nasdaq,calendar,dead,0.033966,0.498501
2026-07-07,cal_2bf2b4d53f,monthof_9_sp500,calendar,survive,0.000999,0.065934
2026-07-07,cal_2de632e38b,monthof_6_nasdaq,calendar,dead,0.998002,0.854146
2026-07-07,cal_2e5f17d421,month_nasdaq,calendar,inconclusive,0.333666,0.599401
2026-07-07,cal_2e7a9a5ca1,monthof_3_sp500,calendar,dead,0.67033,0.777223
2026-07-07,cal_345031f898,monthof_5_nasdaq,calendar,dead,0.613387,0.659341
2026-07-07,cal_398f5c0e31,opex_week_nasdaq,calendar,dead,0.638362,0.709291
2026-07-07,cal_433ee46bbe,opex_week_sp500,calendar,dead,0.264735,0.723277
2026-07-07,cal_456e8c2d5e,monthof_12_sp500,calendar,dead,0.214785,0.971029
2026-07-07,cal_4a891b25f0,monthof_8_nasdaq,calendar,dead,0.33966,0.845155
2026-07-07,cal_4aa242d26e,monthof_5_sp500,calendar,dead,0.266733,0.867133
2026-07-07,cal_4bf363bd79,monthof_7_sp500,calendar,dead,0.046953,0.388611
2026-07-07,cal_527d0ae2db,monthof_1_nasdaq,calendar,dead,0.051948,0.947053
2026-07-07,cal_579e6e1355,monthof_2_nasdaq,calendar,dead,0.450549,0.318681
2026-07-07,cal_597774dc60,monthof_1_sp500,calendar,dead,0.281718,0.557443
2026-07-07,cal_5a22160179,turn_of_month_sp500,calendar,faded,0.000999,0.25974
2026-07-07,cal_6a08a2ccb6,pre_holiday_nasdaq,calendar,dead,0.141858,0.226773
2026-07-07,cal_6ebedbd943,monthof_10_nasdaq,calendar,dead,0.665335,0.370629
2026-07-07,cal_6f4b839635,pre_fomc_nasdaq,calendar,dead,0.258741,0.284715
2026-07-07,cal_7114c0729a,month_sp500,calendar,inconclusive,0.022977,0.13986
2026-07-07,cal_7738ecb1bc,turn_of_month_nasdaq,calendar,faded,0.001998,0.187812
2026-07-07,cal_79870937ed,world_cup_year_sp500,calendar,dead,0.015984,0.154845
2026-07-07,cal_7ded9a48d4,monthof_2_sp500,calendar,dead,0.146853,0.248751
2026-07-07,cal_82e1f1d8c9,pre_holiday_sp500,calendar,dead,0.085914,0.154845
2026-07-07,cal_85cc7cc6d7,dow_sp500,calendar,faded,0.000999,0.824176
2026-07-07,cal_8669d8c09d,monthof_11_sp500,calendar,dead,0.396603,0.141858
2026-07-07,cal_87670427d9,january_sp500,calendar,dead,0.161838,0.711289
2026-07-07,cal_8d5125126b,term_year3_sp500,calendar,inconclusive,0.04995,
2026-07-07,cal_8fe611a742,santa_nasdaq,calendar,dead,0.007992,0.220779
2026-07-07,cal_94c08fa012,santa_sp500,calendar,faded,0.000999,0.196803
2026-07-07,cal_ba8471031e,pre_fomc_sp500,calendar,dead,0.148851,0.141858
2026-07-07,cal_bbcc723bdf,decade_digit_sp500,calendar,inconclusive,0.163836,
2026-07-07,cal_bc77212229,sell_in_may_sp500,calendar,dead,0.088911,0.222777
2026-07-07,cal_c3a33a6db5,monthof_4_sp500,calendar,dead,0.21978,0.227772
2026-07-07,cal_c8b0832b2e,monthof_7_nasdaq,calendar,dead,0.889111,0.549451
2026-07-07,cal_d4de5634d3,september_nasdaq,calendar,dead,0.007992,0.023976
2026-07-07,cal_e041ed5979,monthof_3_nasdaq,calendar,dead,0.58042,0.797203
2026-07-07,cal_e3052fad5c,monthof_4_nasdaq,calendar,dead,0.418581,0.509491
2026-07-07,cal_ec09c00a99,presidential_cycle_sp500,calendar,inconclusive,0.300699,
2026-07-07,cal_f70ee53794,monthof_9_nasdaq,calendar,dead,0.018981,0.046953
2026-07-07,cal_f80dd36a7a,january_nasdaq,calendar,dead,0.023976,0.482517
2026-07-07,cal_f923f81493,september_sp500,calendar,survive,0.000999,0.028971
2026-07-07,fac_4beec74249,BTC_mom20_neg,factor,survive,0.002,0.005
2026-07-07,fac_70486895ee,dxy_rising,factor,dead,0.497,0.949
2026-07-07,fac_7578b1d58f,vix_backwardation,factor,dead,0.821,0.654
2026-07-07,fac_778b84a969,NASDAQ_mom20_neg,factor,dead,0.045,0.518
2026-07-07,fac_79cf4a9a7b,NASDAQ_above_ma200,factor,dead,0.006,0.074
2026-07-07,fac_a1bf6a105c,nasdaq_rsi_overbought,factor,dead,0.314,0.515
2026-07-07,fac_ab89704768,nasdaq_high_vol,factor,dead,0.004,0.931
2026-07-07,fac_bed960d3e2,NASDAQ_mom20_pos,factor,dead,0.409,0.716
2026-07-07,fac_c872e5eb69,BTC_above_ma200,factor,dead,0.146,0.124
2026-07-07,fac_cc60102eac,dxy_falling,factor,dead,0.757,0.826
2026-07-07,fac_d738a0c3fd,nasdaq_low_vol,factor,dead,0.268,0.673
2026-07-07,fac_d8a4f38258,overnight_mom_neg,factor,dead,0.278,0.451
2026-07-07,fac_dcbd9f57b5,overnight_mom_pos,factor,dead,0.278,0.451
2026-07-07,fac_e2be6309e8,nasdaq_rsi_oversold,factor,dead,0.561,0.391
2026-07-07,fac_f834dcf2c0,BTC_mom20_pos,factor,survive,0.0,0.002
2026-07-07,opt_13e0620c3f,total_pc_lo_h10,options_sentiment,dead,0.612,0.612
2026-07-07,opt_2bdac60949,total_pc_hi_h10,options_sentiment,dead,0.81,0.81
2026-07-07,opt_6b7c040f34,equity_pc_hi_h20,options_sentiment,dead,0.914,0.914
2026-07-07,opt_706c7e01ed,equity_pc_lo_h20,options_sentiment,dead,0.155,0.155
2026-07-07,opt_aad2768b05,total_pc_hi_h20,options_sentiment,dead,0.448,0.448
2026-07-07,opt_c8998dbbe6,equity_pc_lo_h10,options_sentiment,dead,0.76,0.76
2026-07-07,opt_d6053cc7a0,total_pc_lo_h20,options_sentiment,dead,0.418,0.418
2026-07-07,opt_f09bd225c9,equity_pc_hi_h10,options_sentiment,dead,0.499,0.499
2026-07-07,pos_0e8203cb20,legacy_noncomm_pct_oi_hi_h20_sp500,positioning,dead,0.784,0.784
2026-07-07,pos_3b1f2f7be5,legacy_noncomm_pct_oi_lo_h60_nasdaq100,positioning,survive,0.0,0.0
2026-07-07,pos_4503921189,legacy_noncomm_pct_oi_lo_h20_sp500,positioning,dead,0.305,0.305
2026-07-07,pos_46e606b679,tff_lev_net_pct_oi_hi_h60_sp500,positioning,dead,0.803,0.803
2026-07-07,pos_4f52a87fc8,tff_lev_net_pct_oi_hi_h20_sp500,positioning,dead,0.671,0.671
2026-07-07,pos_5618fa6478,tff_lev_net_pct_oi_lo_h60_nasdaq100,positioning,dead,0.006,0.006
2026-07-07,pos_566a8459e8,tff_lev_net_pct_oi_lo_h20_nasdaq100,positioning,dead,0.489,0.489
2026-07-07,pos_69b292d2ff,legacy_noncomm_pct_oi_lo_h20_nasdaq100,positioning,dead,0.072,0.072
2026-07-07,pos_74c61491cb,legacy_noncomm_pct_oi_hi_h20_nasdaq100,positioning,dead,0.201,0.201
2026-07-07,pos_771e2a7ea4,tff_lev_net_pct_oi_lo_h20_sp500,positioning,dead,0.016,0.016
2026-07-07,pos_951ab21851,tff_lev_net_pct_oi_lo_h60_sp500,positioning,dead,0.182,0.182
2026-07-07,pos_ad633d4d56,tff_lev_net_pct_oi_hi_h60_nasdaq100,positioning,dead,0.112,0.112
2026-07-07,pos_c5297400c9,legacy_noncomm_pct_oi_lo_h60_sp500,positioning,dead,0.643,0.643
2026-07-07,pos_d898f33d4c,tff_lev_net_pct_oi_hi_h20_nasdaq100,positioning,dead,0.193,0.193
2026-07-07,pos_f7aa0cde34,legacy_noncomm_pct_oi_hi_h60_sp500,positioning,dead,0.513,0.513
2026-07-07,pos_fb69e287a1,legacy_noncomm_pct_oi_hi_h60_nasdaq100,positioning,dead,0.932,0.932
2026-07-07,reb_018df927fb,p1_h5_sp500,rebound,dead,0.26,0.576
2026-07-07,reb_0b54f655e4,p10_h1_nasdaq,rebound,faded,0.0,0.362
2026-07-07,reb_183bf3c31c,p5_h1_sp500,rebound,dead,0.963,0.241
2026-07-07,reb_2617209d72,p10_h5_nasdaq,rebound,faded,0.002,0.262
2026-07-07,reb_2b218993db,p1_h5_nasdaq,rebound,dead,0.552,0.896
2026-07-07,reb_7155c924ca,p10_h1_sp500,rebound,dead,0.261,0.088
2026-07-07,reb_7e3e4a8d62,p1_h1_sp500,rebound,dead,0.242,0.5
2026-07-07,reb_8055fe6f4a,p1_h1_nasdaq,rebound,dead,0.241,0.474
2026-07-07,reb_91f1615526,p10_h5_sp500,rebound,dead,0.031,0.704
2026-07-07,reb_9adb2feef5,p5_h1_nasdaq,rebound,survive,0.0,0.075
2026-07-07,reb_b016e921c3,p5_h5_sp500,rebound,dead,0.357,0.614
2026-07-07,reb_b61bcf84d2,p5_h5_nasdaq,rebound,dead,0.058,0.07
2026-07-07,reg_74448026aa,golden_cross_sp500,regime,survive,0.0,0.022
2026-07-07,reg_9c0efb465b,golden_cross_nasdaq,regime,dead,0.058,0.075
